Company,Description,Taxonomy Category
Stripe,Payment processing infrastructure for the internet,Payments & Digital Wallets
Revolut,Digital banking app with currency exchange,Digital Banking & Neobanks
Klarna,Buy now pay later shopping service,Lending Tech & BNPL
Robinhood,Commission-free stock and crypto investing,WealthTech & Robo-Advisory
Lemonade,AI-driven digital insurance platform,InsurTech
Coinbase,Cryptocurrency exchange platform,Blockchain & Crypto
Chainalysis,Blockchain data platform and compliance,RegTech
Adyen,Global payment platform for merchants,Payments & Digital Wallets
Monzo,UK digital neobank,Digital Banking & Neobanks
Affirm,Lending platform for point-of-sale checkout,Lending Tech & BNPL
Betterment,Robo-advisor for automated investing,WealthTech & Robo-Advisory
Oscar Health,Tech-driven health insurance plans,InsurTech
Binance,Global crypto exchange ecosystem,Blockchain & Crypto
IdentityMind,SaaS platform for AML and risk mitigation,RegTech
Wise,International money transfer platform,Payments & Digital Wallets
Chime,US digital banking platform,Digital Banking & Neobanks
SoFi,Personal finance platform with student loans and investing,Digital Banking & Neobanks
Wealthfront,Automated investment service,WealthTech & Robo-Advisory
Root Insurance,Telematics-based car insurance,InsurTech
Ledger,Hardware wallets for cryptocurrency storage,Blockchain & Crypto
ComplyAdvantage,AI-driven financial crime detection and AML compliance,RegTech
PayPal,Digital wallet and payment processor,Payments & Digital Wallets
N26,European digital neobank,Digital Banking & Neobanks
Afterpay,Installment payment provider,Lending Tech & BNPL
Carta,Equity management and valuation platform,RegTech
